{
    "name": "root",
    "metadata": {
        "timer_format_version": "0.1.0",
        "start_time_seconds": "1715368935",
        "python_version": "3.10.12 | packaged by Anaconda, Inc. | (main, Jul  5 2023, 19:01:18) [MSC v.1916 64 bit (AMD64)]",
        "command_line_arguments": "C:\\Users\\2031253\\AppData\\Local\\miniconda3\\envs\\mlagents\\Scripts\\mlagents-learn --force",
        "mlagents_version": "1.1.0.dev0",
        "mlagents_envs_version": "1.1.0.dev0",
        "communication_protocol_version": "1.5.0",
        "pytorch_version": "2.2.2+cu121",
        "numpy_version": "1.23.5",
        "end_time_seconds": "1715369014"
    },
    "total": 79.03543809999974,
    "count": 1,
    "self": 0.005418700005975552,
    "children": {
        "run_training.setup": {
            "total": 0.018204099993454292,
            "count": 1,
            "self": 0.018204099993454292
        },
        "TrainerController.start_learning": {
            "total": 79.01181530000031,
            "count": 1,
            "self": 0.017171900064568035,
            "children": {
                "TrainerController._reset_env": {
                    "total": 4.116156300005969,
                    "count": 1,
                    "self": 4.116156300005969
                },
                "TrainerController.advance": {
                    "total": 74.78157599992846,
                    "count": 1184,
                    "self": 0.017114599635533523,
                    "children": {
                        "env_step": {
                            "total": 70.5744143001939,
                            "count": 1184,
                            "self": 68.55270630015002,
                            "children": {
                                "SubprocessEnvManager._take_step": {
                                    "total": 2.011027600026864,
                                    "count": 1184,
                                    "self": 0.061853099781728815,
                                    "children": {
                                        "TorchPolicy.evaluate": {
                                            "total": 1.9491745002451353,
                                            "count": 1184,
                                            "self": 1.9491745002451353
                                        }
                                    }
                                },
                                "workers": {
                                    "total": 0.010680400017008651,
                                    "count": 1183,
                                    "self": 0.0,
                                    "children": {
                                        "worker_root": {
                                            "total": 13.137960299871338,
                                            "count": 1183,
                                            "is_parallel": true,
                                            "self": 8.462128399864014,
                                            "children": {
                                                "steps_from_proto": {
                                                    "total": 0.0003662999952211976,
                                                    "count": 1,
                                                    "is_parallel": true,
                                                    "self": 0.00010069999552797526,
                                                    "children": {
                                                        "_process_rank_one_or_two_observation": {
                                                            "total": 0.00026559999969322234,
                                                            "count": 2,
                                                            "is_parallel": true,
                                                            "self": 0.00026559999969322234
                                                        }
                                                    }
                                                },
                                                "UnityEnvironment.step": {
                                                    "total": 4.675465600012103,
                                                    "count": 1183,
                                                    "is_parallel": true,
                                                    "self": 0.11145789983856957,
                                                    "children": {
                                                        "UnityEnvironment._generate_step_input": {
                                                            "total": 0.23880940009985352,
                                                            "count": 1183,
                                                            "is_parallel": true,
                                                            "self": 0.23880940009985352
                                                        },
                                                        "communicator.exchange": {
                                                            "total": 4.078712300055486,
                                                            "count": 1183,
                                                            "is_parallel": true,
                                                            "self": 4.078712300055486
                                                        },
                                                        "steps_from_proto": {
                                                            "total": 0.24648600001819432,
                                                            "count": 1183,
                                                            "is_parallel": true,
                                                            "self": 0.09100300010322826,
                                                            "children": {
                                                                "_process_rank_one_or_two_observation": {
                                                                    "total": 0.15548299991496606,
                                                                    "count": 2366,
                                                                    "is_parallel": true,
                                                                    "self": 0.15548299991496606
                                                                }
                                                            }
                                                        }
                                                    }
                                                }
                                            }
                                        }
                                    }
                                }
                            }
                        },
                        "trainer_advance": {
                            "total": 4.1900471000990365,
                            "count": 1183,
                            "self": 0.019210800128348637,
                            "children": {
                                "process_trajectory": {
                                    "total": 1.2293287999709719,
                                    "count": 1183,
                                    "self": 1.2293287999709719
                                },
                                "_update_policy": {
                                    "total": 2.941507499999716,
                                    "count": 2,
                                    "self": 2.071809699991718,
                                    "children": {
                                        "TorchPPOOptimizer.update": {
                                            "total": 0.869697800007998,
                                            "count": 66,